{"score":1685,"soundVolume":0.4269554615020752,"musicVolume":0.0010000000474974514,"fullScreen":false,"resolution":0,"resWidth":0,"resHeight":0,"tutorialLearned":true}